{"wsi_id": "012B HES", "tiles": [{"annotation_id": "cd3dd380-6275-4785-b26d-fab002fd6c62", "tile_id": "tile_0_0", "x": 0, "y": 0, "xmin": 32823, "xmax": 32873, "ymin": 140857, "ymax": 140907, "lymphome_probability": 0.6041106183668482}, {"annotation_id": "cd3dd380-6275-4785-b26d-fab002fd6c62", "tile_id": "tile_1_0", "x": 1, "y": 0, "xmin": 32873, "xmax": 32923, "ymin": 140857, "ymax": 140907, "lymphome_probability": 0.9022485285571525}, {"annotation_id": "cd3dd380-6275-4785-b26d-fab002fd6c62", "tile_id": "tile_2_0", "x": 2, "y": 0, "xmin": 32923, "xmax": 32973, "ymin": 140857, "ymax": 140907, "lymphome_probability": 0.35414976271242304}]}