{"wsi_id": "012B HES", "tiles": [{"annotation_id": "86ec32e2-44e1-4222-99ea-6b02cc8c18fc", "tile_id": "tile_0_0", "x": 0, "y": 0, "xmin": 35561, "xmax": 35611, "ymin": 7252, "ymax": 7302, "lymphome_probability": 0.17293853038442908}, {"annotation_id": "86ec32e2-44e1-4222-99ea-6b02cc8c18fc", "tile_id": "tile_1_0", "x": 1, "y": 0, "xmin": 35611, "xmax": 35661, "ymin": 7252, "ymax": 7302, "lymphome_probability": 0.787610089597429}]}